Label, Parent Label
2,219
3,220
4,221
5,428
6,427
7,223
8,223
10,426
11,226
12,225
13,224
14,224
15,231
16,230
17,229
18,228
19,272
20,271
21,270
22,232
23,233
24,234
25,222
26,235
27,239
28,240
29,241
30,218
31,217
32,251
33,216
34,253
35,214
36,211
37,212
38,261
39,257
40,255
41,254
42,252
43,246
44,247
45,243
47,242
48,244
49,245
50,236
51,269
52,266
53,263
54,267
55,265
56,264
58,262
59,258
60,259
61,344
62,339
63,338
64,337
65,337
66,330
68,273
69,227
70,281
71,275
72,283
73,274
74,282
75,326
76,327
77,329
78,369
79,370
80,375
81,375
82,377
83,379
84,381
85,380
86,314
87,315
88,302
89,300
90,300
91,319
92,316
93,320
94,296
95,301
96,295
98,313
99,312
101,409
103,383
104,382
105,384
106,385
107,386
108,371
109,372
110,366
111,365
112,387
113,388
114,389
115,406
116,407
117,410
118,411
119,423
120,422
123,421
124,421
125,417
126,420
127,420
128,419
129,414
130,413
131,412
133,415
135,412
136,418
137,405
138,404
139,390
140,364
141,362
144,363
145,367
147,368
148,331
149,332
150,335
151,334
152,333
153,358
154,359
155,361
156,360
157,352
158,353
159,354
160,357
161,356
162,342
163,341
164,340
165,345
166,343
167,355
168,349
169,348
170,347
171,346
172,199
173,200
174,201
175,202
176,203
177,206
178,28
179,27
180,26
181,25
182,31
183,30
184,32
185,29
186,33
187,34
188,35
189,197
190,198
191,196
192,195
193,350
194,351
195,187
196,188
197,186
198,185
199,395
200,396
201,392
203,399
204,391
205,403
206,402
207,400
208,146
209,145
210,144
211,142
212,141
213,140
214,139
215,137
216,138
217,143
218,143
219,151
220,150
221,152
222,155
223,136
224,425
225,135
226,156
227,153
228,149
229,148
230,147
231,398
233,183
234,183
235,181
236,180
237,176
238,182
239,173
240,171
241,174
242,172
243,175
244,157
245,134
246,133
248,126
249,129
250,132
251,131
252,130
253,128
254,127
255,121
256,124
257,123
258,122
259,117
260,116
261,116
262,1
263,2
264,4
265,99
266,112
267,115
268,118
269,120
270,109
271,107
272,109
273,106
274,166
275,165
276,160
277,164
278,158
279,159
280,163
281,170
282,169
283,86
284,87
285,88
286,89
287,104
288,108
289,103
290,110
291,111
292,100
293,101
294,98
295,6
296,97
297,9
298,96
299,102
300,92
301,91
302,95
303,78
304,90
305,80
306,79
307,77
308,75
309,10
310,76
311,73
312,72
313,15
314,14
315,52
316,51
317,50
318,53
319,54
320,67
321,71
323,69
324,81
325,85
326,83
327,82
328,84
329,64
330,63
331,193
333,190
334,189
335,192
336,194
337,60
338,59
339,36
340,36
341,41
342,40
343,61
344,60
345,62
346,65
347,66
348,55
349,58
350,56
352,45
353,49
354,21
355,22
356,47
357,46
359,42
361,43
362,44
364,48
365,23
